url_path,views_total,views_unique
/demichie/IMEX_SfloW2D_v2/tree/master/EXAMPLES,13,1
/demichie/IMEX_SfloW2D_v2/tree/master/EXAMPLES/EXAMPLE_ENGWELL2016,7,1
/demichie/IMEX_SfloW2D_v2,6,4
/demichie/IMEX_SfloW2D_v2/tree/master/EXAMPLES/EXAMPLE_TAAL,6,1
/demichie/IMEX_SfloW2D_v2/tree/master/src,3,2
/demichie/IMEX_SfloW2D_v2/blob/master/EXAMPLES/EXAMPLE_ENGWELL2016/create_example.py,2,1
/demichie/IMEX_SfloW2D_v2/releases/tag/1.0.2,2,1
/demichie/IMEX_SfloW2D_v2/blob/master/src/constitutive_2d.f90,1,1
/demichie/IMEX_SfloW2D_v2/releases/tag/1.0.0,1,1
/demichie/IMEX_SfloW2D_v2/tags,1,1
